AAPL,GOOGL,MSFT
,,0.1779
-0.0772,,0.0
-0.296,-0.2023,-0.2023
0.11865,0.08872020202020203,0.19673402061855672
